what,kind,bundleId,bundleVersion,description,time
executed,command,org.eclipse.ui,3.6.0.I20100603-1100,"org.eclipse.ui.edit.copy",1436692865874
activated,editor,org.eclipse.php.ui,2.2.0.v20100616-1900,"org.eclipse.php.editor",1436692867236
executed,command,org.eclipse.ui,3.6.0.I20100603-1100,"org.eclipse.ui.edit.paste",1436692880257
executed,command,org.eclipse.ui.workbench.texteditor,3.6.0.v20100520-0800,"org.eclipse.ui.edit.text.goto.lineEnd",1436692885043
executed,command,org.eclipse.ui.workbench.texteditor,3.6.0.v20100520-0800,"org.eclipse.ui.edit.text.goto.lineEnd",1436692885770
executed,command,org.eclipse.ui,3.6.0.I20100603-1100,"org.eclipse.ui.edit.copy",1436692896319
executed,command,org.eclipse.ui.workbench.texteditor,3.6.0.v20100520-0800,"org.eclipse.ui.edit.text.goto.textEnd",1436692897309
executed,command,org.eclipse.ui,3.6.0.I20100603-1100,"org.eclipse.ui.edit.paste",1436692899945
executed,command,org.eclipse.ui,3.6.0.I20100603-1100,"org.eclipse.ui.file.save",1436692902766
executed,command,org.eclipse.ui,3.6.0.I20100603-1100,"org.eclipse.ui.file.save",1436692923051
executed,command,org.eclipse.ui,3.6.0.I20100603-1100,"org.eclipse.ui.edit.copy",1436692924855
executed,command,org.eclipse.ui,3.6.0.I20100603-1100,"org.eclipse.ui.edit.paste",1436692926754
executed,command,org.eclipse.ui,3.6.0.I20100603-1100,"org.eclipse.ui.file.save",1436692927579
executed,command,org.eclipse.ui,3.6.0.I20100603-1100,"org.eclipse.ui.edit.copy",1436692931074
executed,command,org.eclipse.ui.workbench.texteditor,3.6.0.v20100520-0800,"org.eclipse.ui.edit.text.goto.lineEnd",1436692931793
executed,command,org.eclipse.ui,3.6.0.I20100603-1100,"org.eclipse.ui.edit.paste",1436692932788
executed,command,org.eclipse.ui,3.6.0.I20100603-1100,"org.eclipse.ui.edit.text.contentAssist.proposals",1436692934347
executed,command,org.eclipse.ui,3.6.0.I20100603-1100,"org.eclipse.ui.file.save",1436692936132
deactivated,workbench,org.eclipse.ui.workbench,3.6.0.I20100603-1100,"",1436692937621
activated,workbench,org.eclipse.ui.workbench,3.6.0.I20100603-1100,"",1436692945560
deactivated,workbench,org.eclipse.ui.workbench,3.6.0.I20100603-1100,"",1436692947856
activated,workbench,org.eclipse.ui.workbench,3.6.0.I20100603-1100,"",1436692949127
deactivated,workbench,org.eclipse.ui.workbench,3.6.0.I20100603-1100,"",1436692949170
error,log,,,"An internal error occurred during: ""Decoration Calculation"".",1436692949173
activated,workbench,org.eclipse.ui.workbench,3.6.0.I20100603-1100,"",1436692952415
executed,command,org.eclipse.ui,3.6.0.I20100603-1100,"org.eclipse.ui.edit.copy",1436692961896
executed,command,org.eclipse.ui,3.6.0.I20100603-1100,"org.eclipse.ui.edit.paste",1436692963774
executed,command,org.eclipse.ui,3.6.0.I20100603-1100,"org.eclipse.ui.file.save",1436692964523
deactivated,workbench,org.eclipse.ui.workbench,3.6.0.I20100603-1100,"",1436692964668
activated,workbench,org.eclipse.ui.workbench,3.6.0.I20100603-1100,"",1436692967730
error,log,,,"An internal error occurred during: ""Decoration Calculation"".",1436692967746
deactivated,workbench,org.eclipse.ui.workbench,3.6.0.I20100603-1100,"",1436692967752
activated,workbench,org.eclipse.ui.workbench,3.6.0.I20100603-1100,"",1436692969299
executed,command,org.eclipse.ui,3.6.0.I20100603-1100,"org.eclipse.ui.edit.copy",1436692974392
executed,command,org.eclipse.ui,3.6.0.I20100603-1100,"org.eclipse.ui.edit.paste",1436692981323
executed,command,org.eclipse.ui,3.6.0.I20100603-1100,"org.eclipse.ui.file.save",1436692993630
deactivated,workbench,org.eclipse.ui.workbench,3.6.0.I20100603-1100,"",1436692995667
activated,workbench,org.eclipse.ui.workbench,3.6.0.I20100603-1100,"",1436693000663
executed,command,org.eclipse.ui,3.6.0.I20100603-1100,"org.eclipse.ui.edit.copy",1436693009310
executed,command,org.eclipse.ui,3.6.0.I20100603-1100,"org.eclipse.ui.edit.paste",1436693011453
executed,command,org.eclipse.ui,3.6.0.I20100603-1100,"org.eclipse.ui.edit.copy",1436693016237
executed,command,org.eclipse.ui,3.6.0.I20100603-1100,"org.eclipse.ui.edit.paste",1436693018330
executed,command,org.eclipse.ui,3.6.0.I20100603-1100,"org.eclipse.ui.file.save",1436693023566
deactivated,workbench,org.eclipse.ui.workbench,3.6.0.I20100603-1100,"",1436693027752
activated,workbench,org.eclipse.ui.workbench,3.6.0.I20100603-1100,"",1436693034200
deactivated,workbench,org.eclipse.ui.workbench,3.6.0.I20100603-1100,"",1436693034974
activated,workbench,org.eclipse.ui.workbench,3.6.0.I20100603-1100,"",1436693036269
error,log,,,"An internal error occurred during: ""Decoration Calculation"".",1436693036294
deactivated,workbench,org.eclipse.ui.workbench,3.6.0.I20100603-1100,"",1436693036304
activated,workbench,org.eclipse.ui.workbench,3.6.0.I20100603-1100,"",1436693037256
deactivated,workbench,org.eclipse.ui.workbench,3.6.0.I20100603-1100,"",1436693043716
activated,workbench,org.eclipse.ui.workbench,3.6.0.I20100603-1100,"",1436693046275
executed,command,org.eclipse.ui,3.6.0.I20100603-1100,"org.eclipse.ui.edit.copy",1436693066032
executed,command,org.eclipse.ui,3.6.0.I20100603-1100,"org.eclipse.ui.edit.paste",1436693068464
executed,command,org.eclipse.ui.workbench.texteditor,3.6.0.v20100520-0800,"org.eclipse.ui.edit.text.goto.lineStart",1436693073447
executed,command,org.eclipse.ui,3.6.0.I20100603-1100,"org.eclipse.ui.file.save",1436693076587
deactivated,workbench,org.eclipse.ui.workbench,3.6.0.I20100603-1100,"",1436693076740
activated,workbench,org.eclipse.ui.workbench,3.6.0.I20100603-1100,"",1436693078324
error,log,,,"An internal error occurred during: ""Decoration Calculation"".",1436693078336
deactivated,workbench,org.eclipse.ui.workbench,3.6.0.I20100603-1100,"",1436693078358
activated,workbench,org.eclipse.ui.workbench,3.6.0.I20100603-1100,"",1436693079284
deactivated,workbench,org.eclipse.ui.workbench,3.6.0.I20100603-1100,"",1436693096929
activated,workbench,org.eclipse.ui.workbench,3.6.0.I20100603-1100,"",1436693097706
deactivated,workbench,org.eclipse.ui.workbench,3.6.0.I20100603-1100,"",1436693098294
activated,workbench,org.eclipse.ui.workbench,3.6.0.I20100603-1100,"",1436693138830
executed,command,org.eclipse.ui,3.6.0.I20100603-1100,"org.eclipse.ui.edit.cut",1436693167763
executed,command,org.eclipse.ui.workbench.texteditor,3.6.0.v20100520-0800,"org.eclipse.ui.edit.text.select.wordPrevious",1436693170139
executed,command,org.eclipse.ui.workbench.texteditor,3.6.0.v20100520-0800,"org.eclipse.ui.edit.text.select.wordPrevious",1436693170311
executed,command,org.eclipse.ui.workbench.texteditor,3.6.0.v20100520-0800,"org.eclipse.ui.edit.text.select.wordPrevious",1436693170576
executed,command,org.eclipse.ui,3.6.0.I20100603-1100,"org.eclipse.ui.edit.paste",1436693171452
executed,command,org.eclipse.ui,3.6.0.I20100603-1100,"org.eclipse.ui.edit.paste",1436693178521
executed,command,org.eclipse.ui.workbench.texteditor,3.6.0.v20100520-0800,"org.eclipse.ui.edit.text.select.wordNext",1436693180222
executed,command,org.eclipse.ui.workbench.texteditor,3.6.0.v20100520-0800,"org.eclipse.ui.edit.text.goto.lineEnd",1436693182205
executed,command,org.eclipse.ui,3.6.0.I20100603-1100,"org.eclipse.ui.edit.copy",1436693188562
executed,command,org.eclipse.ui,3.6.0.I20100603-1100,"org.eclipse.ui.edit.paste",1436693191294
executed,command,org.eclipse.ui,3.6.0.I20100603-1100,"org.eclipse.ui.file.save",1436693192068
deactivated,workbench,org.eclipse.ui.workbench,3.6.0.I20100603-1100,"",1436693192227
activated,workbench,org.eclipse.ui.workbench,3.6.0.I20100603-1100,"",1436693194085
error,log,,,"An internal error occurred during: ""Decoration Calculation"".",1436693194093
deactivated,workbench,org.eclipse.ui.workbench,3.6.0.I20100603-1100,"",1436693194101
activated,workbench,org.eclipse.ui.workbench,3.6.0.I20100603-1100,"",1436693195177
deactivated,workbench,org.eclipse.ui.workbench,3.6.0.I20100603-1100,"",1436693196506
activated,workbench,org.eclipse.ui.workbench,3.6.0.I20100603-1100,"",1436693205329
executed,command,org.eclipse.ui,3.6.0.I20100603-1100,"org.eclipse.ui.file.save",1436693214637
deactivated,workbench,org.eclipse.ui.workbench,3.6.0.I20100603-1100,"",1436693214784
activated,workbench,org.eclipse.ui.workbench,3.6.0.I20100603-1100,"",1436693216823
error,log,,,"An internal error occurred during: ""Decoration Calculation"".",1436693216838
deactivated,workbench,org.eclipse.ui.workbench,3.6.0.I20100603-1100,"",1436693216850
activated,workbench,org.eclipse.ui.workbench,3.6.0.I20100603-1100,"",1436693217964
deactivated,workbench,org.eclipse.ui.workbench,3.6.0.I20100603-1100,"",1436693219281
activated,workbench,org.eclipse.ui.workbench,3.6.0.I20100603-1100,"",1436693224058
deactivated,workbench,org.eclipse.ui.workbench,3.6.0.I20100603-1100,"",1436693228307
activated,workbench,org.eclipse.ui.workbench,3.6.0.I20100603-1100,"",1436693245010
executed,command,org.eclipse.ui,3.6.0.I20100603-1100,"org.eclipse.ui.edit.copy",1436693252243
executed,command,org.eclipse.ui,3.6.0.I20100603-1100,"org.eclipse.ui.edit.paste",1436693254218
executed,command,org.eclipse.ui,3.6.0.I20100603-1100,"org.eclipse.ui.edit.paste",1436693262470
executed,command,org.eclipse.ui,3.6.0.I20100603-1100,"org.eclipse.ui.file.save",1436693263767
deactivated,workbench,org.eclipse.ui.workbench,3.6.0.I20100603-1100,"",1436693264142
activated,workbench,org.eclipse.ui.workbench,3.6.0.I20100603-1100,"",1436693265574
error,log,,,"An internal error occurred during: ""Decoration Calculation"".",1436693265580
deactivated,workbench,org.eclipse.ui.workbench,3.6.0.I20100603-1100,"",1436693265599
activated,workbench,org.eclipse.ui.workbench,3.6.0.I20100603-1100,"",1436693266069
executed,command,org.eclipse.ui,3.6.0.I20100603-1100,"org.eclipse.ui.file.save",1436693271247
deactivated,workbench,org.eclipse.ui.workbench,3.6.0.I20100603-1100,"",1436693271405
activated,workbench,org.eclipse.ui.workbench,3.6.0.I20100603-1100,"",1436693272594
error,log,,,"An internal error occurred during: ""Decoration Calculation"".",1436693272605
deactivated,workbench,org.eclipse.ui.workbench,3.6.0.I20100603-1100,"",1436693272614
activated,workbench,org.eclipse.ui.workbench,3.6.0.I20100603-1100,"",1436693272869
executed,command,org.eclipse.ui,3.6.0.I20100603-1100,"org.eclipse.ui.file.save",1436693275894
deactivated,workbench,org.eclipse.ui.workbench,3.6.0.I20100603-1100,"",1436693276045
activated,workbench,org.eclipse.ui.workbench,3.6.0.I20100603-1100,"",1436693276672
error,log,,,"An internal error occurred during: ""Decoration Calculation"".",1436693276684
deactivated,workbench,org.eclipse.ui.workbench,3.6.0.I20100603-1100,"",1436693276693
activated,workbench,org.eclipse.ui.workbench,3.6.0.I20100603-1100,"",1436693276923
deactivated,workbench,org.eclipse.ui.workbench,3.6.0.I20100603-1100,"",1436693278719
activated,workbench,org.eclipse.ui.workbench,3.6.0.I20100603-1100,"",1436693304934
executed,command,org.eclipse.ui,3.6.0.I20100603-1100,"org.eclipse.ui.file.save",1436693307957
deactivated,workbench,org.eclipse.ui.workbench,3.6.0.I20100603-1100,"",1436693308203
activated,workbench,org.eclipse.ui.workbench,3.6.0.I20100603-1100,"",1436693308762
error,log,,,"An internal error occurred during: ""Decoration Calculation"".",1436693308772
deactivated,workbench,org.eclipse.ui.workbench,3.6.0.I20100603-1100,"",1436693308791
activated,workbench,org.eclipse.ui.workbench,3.6.0.I20100603-1100,"",1436693309391
deactivated,workbench,org.eclipse.ui.workbench,3.6.0.I20100603-1100,"",1436693312636
activated,workbench,org.eclipse.ui.workbench,3.6.0.I20100603-1100,"",1436693318369
executed,command,org.eclipse.ui,3.6.0.I20100603-1100,"org.eclipse.ui.file.save",1436693406889
deactivated,workbench,org.eclipse.ui.workbench,3.6.0.I20100603-1100,"",1436693407008
activated,workbench,org.eclipse.ui.workbench,3.6.0.I20100603-1100,"",1436693408441
error,log,,,"An internal error occurred during: ""Decoration Calculation"".",1436693408447
deactivated,workbench,org.eclipse.ui.workbench,3.6.0.I20100603-1100,"",1436693408455
activated,workbench,org.eclipse.ui.workbench,3.6.0.I20100603-1100,"",1436693408562
executed,command,org.eclipse.ui,3.6.0.I20100603-1100,"org.eclipse.ui.file.save",1436693412927
deactivated,workbench,org.eclipse.ui.workbench,3.6.0.I20100603-1100,"",1436693413199
activated,workbench,org.eclipse.ui.workbench,3.6.0.I20100603-1100,"",1436693414292
error,log,,,"An internal error occurred during: ""Decoration Calculation"".",1436693414306
deactivated,workbench,org.eclipse.ui.workbench,3.6.0.I20100603-1100,"",1436693414313
activated,workbench,org.eclipse.ui.workbench,3.6.0.I20100603-1100,"",1436693414453
deactivated,workbench,org.eclipse.ui.workbench,3.6.0.I20100603-1100,"",1436693418260
activated,workbench,org.eclipse.ui.workbench,3.6.0.I20100603-1100,"",1436693429457
deactivated,workbench,org.eclipse.ui.workbench,3.6.0.I20100603-1100,"",1436693434794
activated,workbench,org.eclipse.ui.workbench,3.6.0.I20100603-1100,"",1436693434974
error,log,,,"An internal error occurred during: ""Decoration Calculation"".",1436693434979
deactivated,workbench,org.eclipse.ui.workbench,3.6.0.I20100603-1100,"",1436693435240
activated,workbench,org.eclipse.ui.workbench,3.6.0.I20100603-1100,"",1436693437002
error,log,,,"org.eclipse.dltk.core.ModelException: AST node can not be found for the given source range: <offset=919, length=6>",1436693444404
error,log,,,"org.eclipse.dltk.core.ModelException: AST node can not be found for the given source range: <offset=919, length=6>",1436693444406
deactivated,workbench,org.eclipse.ui.workbench,3.6.0.I20100603-1100,"",1436693444652
activated,workbench,org.eclipse.ui.workbench,3.6.0.I20100603-1100,"",1436693444693
error,log,,,"An internal error occurred during: ""Decoration Calculation"".",1436693444698
deactivated,workbench,org.eclipse.ui.workbench,3.6.0.I20100603-1100,"",1436693445076
activated,workbench,org.eclipse.ui.workbench,3.6.0.I20100603-1100,"",1436693445279
executed,command,org.eclipse.ui,3.6.0.I20100603-1100,"org.eclipse.ui.file.save",1436693452548
deactivated,workbench,org.eclipse.ui.workbench,3.6.0.I20100603-1100,"",1436693452814
activated,workbench,org.eclipse.ui.workbench,3.6.0.I20100603-1100,"",1436693453999
error,log,,,"An internal error occurred during: ""Decoration Calculation"".",1436693454004
deactivated,workbench,org.eclipse.ui.workbench,3.6.0.I20100603-1100,"",1436693454013
activated,workbench,org.eclipse.ui.workbench,3.6.0.I20100603-1100,"",1436693454251
deactivated,workbench,org.eclipse.ui.workbench,3.6.0.I20100603-1100,"",1436693455868
activated,workbench,org.eclipse.ui.workbench,3.6.0.I20100603-1100,"",1436693459337
closed,workbench,org.eclipse.ui.workbench,3.6.0.I20100603-1100,"",1436693459438
stopped,bundle,org.eclipse.compare.win32,1.0.100.I20100505-1245,"org.eclipse.compare.win32",1436693460358
stopped,bundle,org.eclipse.dltk.testing,1.0.0.v20090914-1703,"org.eclipse.dltk.testing",1436693460453
stopped,bundle,org.eclipse.php.server.ui,2.2.0.v20100616-1900,"org.eclipse.php.server.ui",1436693460453
stopped,bundle,org.eclipse.php.debug.ui,2.2.0.v20100616-1900,"org.eclipse.php.debug.ui",1436693460453
stopped,bundle,org.eclipse.dltk.debug.ui,2.0.0.v20100115-2213,"org.eclipse.dltk.debug.ui",1436693460515
stopped,bundle,org.eclipse.dltk.formatter,2.0.0.v20100304-1959,"org.eclipse.dltk.formatter",1436693460542
stopped,bundle,org.eclipse.dltk.rse.ui,2.0.0.v20100115-2213,"org.eclipse.dltk.rse.ui",1436693460542
stopped,bundle,org.eclipse.dltk.validators.externalchecker,1.0.0.v20090803-1754,"org.eclipse.dltk.validators.externalchecker",1436693460542
stopped,bundle,org.eclipse.dltk.validators.ui,2.0.0.v20091214-1712,"org.eclipse.dltk.validators.ui",1436693460542
stopped,bundle,org.eclipse.php.debug.core,2.2.0.v20100616-1900,"org.eclipse.php.debug.core",1436693460542
stopped,bundle,org.eclipse.php.ui,2.2.0.v20100616-1900,"org.eclipse.php.ui",1436693460543
stopped,bundle,org.eclipse.dltk.ui,2.0.0.v20100603-0936,"org.eclipse.dltk.ui",1436693460543
stopped,bundle,org.eclipse.equinox.p2.ui.sdk,1.0.100.v20100513,"org.eclipse.equinox.p2.ui.sdk",1436693460590
stopped,bundle,org.eclipse.wst.xsl.jaxp.debug.ui,1.0.100.v201004290328,"org.eclipse.wst.xsl.jaxp.debug.ui",1436693460644
stopped,bundle,org.eclipse.jdt.debug.ui,3.5.0.v20100602-0830,"org.eclipse.jdt.debug.ui",1436693460661
stopped,bundle,org.eclipse.jdt.ui,3.6.0.v20100602-1600,"org.eclipse.jdt.ui",1436693460661
stopped,bundle,org.eclipse.rse.importexport,1.2.100.v201003010830,"org.eclipse.rse.importexport",1436693460686
stopped,bundle,org.eclipse.rse.shells.ui,3.0.200.v201006041352,"org.eclipse.rse.shells.ui",1436693460751
stopped,bundle,org.eclipse.rse.files.ui,3.1.100.v201005221100,"org.eclipse.rse.files.ui",1436693460784
stopped,bundle,org.eclipse.rse.processes.ui,3.0.200.v201003010830,"org.eclipse.rse.processes.ui",1436693460790
stopped,bundle,org.eclipse.wst.dtd.ui,1.0.500.v201004290328,"org.eclipse.wst.dtd.ui",1436693460790
stopped,bundle,org.eclipse.wst.jsdt.web.ui,1.0.300.v201006030742,"org.eclipse.wst.jsdt.web.ui",1436693460790
stopped,bundle,org.eclipse.wst.web.ui,1.1.400.v201004141630,"org.eclipse.wst.web.ui",1436693460791
stopped,bundle,org.eclipse.wst.html.ui,1.0.500.v201006030742,"org.eclipse.wst.html.ui",1436693460791
stopped,bundle,org.eclipse.wst.css.ui,1.0.500.v201004290328,"org.eclipse.wst.css.ui",1436693460791
stopped,bundle,org.eclipse.wst.xsl.exslt.ui,1.0.0.v201006012005,"org.eclipse.wst.xsl.exslt.ui",1436693460801
stopped,bundle,org.eclipse.wst.xsl.ui,1.1.0.v201004290328,"org.eclipse.wst.xsl.ui",1436693460801
stopped,bundle,org.eclipse.wst.xml.xpath.ui,1.1.0.v201004290328,"org.eclipse.wst.xml.xpath.ui",1436693460801
stopped,bundle,org.eclipse.wst.xsd.ui,1.2.303.v201004290328,"org.eclipse.wst.xsd.ui",1436693460803
stopped,bundle,org.eclipse.wst.xsl.debug.ui,1.0.100.v201004290328,"org.eclipse.wst.xsl.debug.ui",1436693460803
stopped,bundle,org.eclipse.wst.xml.ui,1.1.100.v201006030742,"org.eclipse.wst.xml.ui",1436693460803
stopped,bundle,org.eclipse.wst.common.ui,1.1.500.v200911190730,"org.eclipse.wst.common.ui",1436693460837
stopped,bundle,org.eclipse.wst.jsdt.debug.ui,1.0.0.v201005250108,"org.eclipse.wst.jsdt.debug.ui",1436693460839
stopped,bundle,org.eclipse.wst.jsdt.support.firefox,1.0.300.v201004150600,"org.eclipse.wst.jsdt.support.firefox",1436693460875
stopped,bundle,org.eclipse.wst.jsdt.ui,1.1.0.v201005200157,"org.eclipse.wst.jsdt.ui",1436693460875
stopped,bundle,org.eclipse.wst.sse.ui,1.2.0.v201006030742,"org.eclipse.wst.sse.ui",1436693460876
stopped,bundle,org.eclipse.search,3.6.0.v20100520-0800,"org.eclipse.search",1436693460876
stopped,bundle,org.eclipse.mylyn.team.ui,3.4.0.v20100608-0100-e3x,"org.eclipse.mylyn.team.ui",1436693460876
activated,perspective,org.eclipse.php.ui,,"org.eclipse.php.perspective",1436693481790
started,bundle,org.eclipse.osgi,3.6.0.v20100517,"org.eclipse.osgi",1436693481791
started,bundle,org.eclipse.equinox.simpleconfigurator,1.0.200.v20100503,"org.eclipse.equinox.simpleconfigurator",1436693481791
started,bundle,com.ibm.icu,4.2.1.v20100412,"com.ibm.icu",1436693481792
started,bundle,org.eclipse.compare.core,3.5.100.I20100526-0800,"org.eclipse.compare.core",1436693481795
started,bundle,org.eclipse.core.contenttype,3.4.100.v20100505-1235,"org.eclipse.core.contenttype",1436693481796
started,bundle,org.eclipse.core.databinding.observable,1.3.0.I20100601-0800,"org.eclipse.core.databinding.observable",1436693481796
started,bundle,org.eclipse.core.expressions,3.4.200.v20100505,"org.eclipse.core.expressions",1436693481797
started,bundle,org.eclipse.core.filebuffers,3.5.100.v20100520-0800,"org.eclipse.core.filebuffers",1436693481797
started,bundle,org.eclipse.core.filesystem,1.3.0.v20100526-0737,"org.eclipse.core.filesystem",1436693481798
started,bundle,org.eclipse.core.jobs,3.5.0.v20100515,"org.eclipse.core.jobs",1436693481798
started,bundle,org.eclipse.core.net,1.2.100.I20100511-0800,"org.eclipse.core.net",1436693481799
started,bundle,org.eclipse.core.resources,3.6.0.v20100526-0737,"org.eclipse.core.resources",1436693481800
started,bundle,org.eclipse.core.runtime,3.6.0.v20100505,"org.eclipse.core.runtime",1436693481800
started,bundle,org.eclipse.core.runtime.compatibility,3.2.100.v20100505,"org.eclipse.core.runtime.compatibility",1436693481801
started,bundle,org.eclipse.core.runtime.compatibility.auth,3.2.200.v20100517,"org.eclipse.core.runtime.compatibility.auth",1436693481801
started,bundle,org.eclipse.debug.core,3.6.0.v20100519,"org.eclipse.debug.core",1436693481802
started,bundle,org.eclipse.debug.ui,3.6.0.v20100601-1530,"org.eclipse.debug.ui",1436693481803
started,bundle,org.eclipse.dltk.core,2.0.0.v20100603-0936,"org.eclipse.dltk.core",1436693481803
started,bundle,org.eclipse.dltk.core.index.sql,2.0.0.v20100616-2015,"org.eclipse.dltk.core.index.sql",1436693481804
started,bundle,org.eclipse.dltk.core.index.sql.h2,2.0.0.v20100616-2015,"org.eclipse.dltk.core.index.sql.h2",1436693481805
started,bundle,org.eclipse.dltk.launching,2.0.0.v20100524-0038,"org.eclipse.dltk.launching",1436693481805
started,bundle,org.eclipse.dltk.rse.core,2.0.0.v20100115-2213,"org.eclipse.dltk.rse.core",1436693481806
started,bundle,org.eclipse.dltk.rse.ui,2.0.0.v20100115-2213,"org.eclipse.dltk.rse.ui",1436693481808
started,bundle,org.eclipse.dltk.ui,2.0.0.v20100603-0936,"org.eclipse.dltk.ui",1436693481810
started,bundle,org.eclipse.emf.common,2.6.0.v20100614-1136,"org.eclipse.emf.common",1436693481810
started,bundle,org.eclipse.emf.ecore,2.6.0.v20100614-1136,"org.eclipse.emf.ecore",1436693481811
started,bundle,org.eclipse.emf.ecore.xmi,2.5.0.v20100521-1846,"org.eclipse.emf.ecore.xmi",1436693481811
started,bundle,org.eclipse.epp.usagedata.gathering,1.3.0.R201005261100,"org.eclipse.epp.usagedata.gathering",1436693481812
started,bundle,org.eclipse.epp.usagedata.recording,1.3.0.R201005261100,"org.eclipse.epp.usagedata.recording",1436693481812
started,bundle,org.eclipse.equinox.app,1.3.0.v20100512,"org.eclipse.equinox.app",1436693481812
started,bundle,org.eclipse.equinox.common,3.6.0.v20100503,"org.eclipse.equinox.common",1436693481813
started,bundle,org.eclipse.equinox.ds,1.2.0.v20100507,"org.eclipse.equinox.ds",1436693481813
started,bundle,org.eclipse.equinox.event,1.2.0.v20100503,"org.eclipse.equinox.event",1436693481814
started,bundle,org.eclipse.equinox.p2.core,2.0.0.v20100510,"org.eclipse.equinox.p2.core",1436693481815
started,bundle,org.eclipse.equinox.p2.directorywatcher,1.0.200.v20100601,"org.eclipse.equinox.p2.directorywatcher",1436693481815
started,bundle,org.eclipse.equinox.p2.engine,2.0.0.v20100606,"org.eclipse.equinox.p2.engine",1436693481816
started,bundle,org.eclipse.equinox.p2.metadata,2.0.0.v20100601,"org.eclipse.equinox.p2.metadata",1436693481817
started,bundle,org.eclipse.equinox.p2.metadata.repository,1.1.0.v20100513,"org.eclipse.equinox.p2.metadata.repository",1436693481817
started,bundle,org.eclipse.equinox.p2.operations,2.0.0.v20100510,"org.eclipse.equinox.p2.operations",1436693481818
started,bundle,org.eclipse.equinox.p2.reconciler.dropins,1.1.0.v20100525,"org.eclipse.equinox.p2.reconciler.dropins",1436693481818
started,bundle,org.eclipse.equinox.p2.repository,2.0.0.v20100519,"org.eclipse.equinox.p2.repository",1436693481819
started,bundle,org.eclipse.equinox.p2.ui.sdk.scheduler,1.0.0.v20100507-1815,"org.eclipse.equinox.p2.ui.sdk.scheduler",1436693481819
started,bundle,org.eclipse.equinox.p2.updatechecker,1.1.100.v20100503a,"org.eclipse.equinox.p2.updatechecker",1436693481820
started,bundle,org.eclipse.equinox.preferences,3.3.0.v20100503,"org.eclipse.equinox.preferences",1436693481821
started,bundle,org.eclipse.equinox.registry,3.5.0.v20100503,"org.eclipse.equinox.registry",1436693481821
started,bundle,org.eclipse.equinox.security,1.0.200.v20100503,"org.eclipse.equinox.security",1436693481822
started,bundle,org.eclipse.equinox.util,1.0.200.v20100503,"org.eclipse.equinox.util",1436693481822
started,bundle,org.eclipse.help,3.5.0.v20100524,"org.eclipse.help",1436693481823
started,bundle,org.eclipse.jface,3.6.0.I20100601-0800,"org.eclipse.jface",1436693481823
started,bundle,org.eclipse.jsch.core,1.1.200.I20100505-1245,"org.eclipse.jsch.core",1436693481823
started,bundle,org.eclipse.ltk.core.refactoring,3.5.100.v20100526-0800,"org.eclipse.ltk.core.refactoring",1436693481824
started,bundle,org.eclipse.mylyn.bugzilla.core,3.4.0.v20100608-0100-e3x,"org.eclipse.mylyn.bugzilla.core",1436693481824
started,bundle,org.eclipse.mylyn.bugzilla.ui,3.4.0.v20100608-0100-e3x,"org.eclipse.mylyn.bugzilla.ui",1436693481825
started,bundle,org.eclipse.mylyn.commons.net,3.4.0.v20100608-0100-e3x,"org.eclipse.mylyn.commons.net",1436693481825
started,bundle,org.eclipse.mylyn.commons.ui,3.4.0.v20100608-0100-e3x,"org.eclipse.mylyn.commons.ui",1436693481825
started,bundle,org.eclipse.mylyn.context.core,3.4.0.v20100608-0100-e3x,"org.eclipse.mylyn.context.core",1436693481826
started,bundle,org.eclipse.mylyn.context.ui,3.4.0.v20100608-0100-e3x,"org.eclipse.mylyn.context.ui",1436693481826
started,bundle,org.eclipse.mylyn.monitor.ui,3.4.0.v20100608-0100-e3x,"org.eclipse.mylyn.monitor.ui",1436693481836
started,bundle,org.eclipse.mylyn.tasks.ui,3.4.0.v20100608-0100-e3x,"org.eclipse.mylyn.tasks.ui",1436693481837
started,bundle,org.eclipse.mylyn.team.ui,3.4.0.v20100608-0100-e3x,"org.eclipse.mylyn.team.ui",1436693481838
started,bundle,org.eclipse.php.core,2.2.0.v20100616-1900,"org.eclipse.php.core",1436693481838
started,bundle,org.eclipse.php.debug.daemon,2.2.0.v20100616-1900,"org.eclipse.php.debug.daemon",1436693481838
started,bundle,org.eclipse.php.debug.ui,2.2.0.v20100616-1900,"org.eclipse.php.debug.ui",1436693481838
started,bundle,org.eclipse.php.ui,2.2.0.v20100616-1900,"org.eclipse.php.ui",1436693481838
started,bundle,org.eclipse.rse.core,3.1.100.v201003151933,"org.eclipse.rse.core",1436693481839
started,bundle,org.eclipse.rse.services,3.2.0.v201006041352,"org.eclipse.rse.services",1436693481839
started,bundle,org.eclipse.rse.ui,3.1.100.v201005282245,"org.eclipse.rse.ui",1436693481841
started,bundle,org.eclipse.search,3.6.0.v20100520-0800,"org.eclipse.search",1436693481841
started,bundle,org.eclipse.team.core,3.5.100.I20100527-0800,"org.eclipse.team.core",1436693481841
started,bundle,org.eclipse.team.cvs.core,3.3.300.I20100526-0800,"org.eclipse.team.cvs.core",1436693481842
started,bundle,org.eclipse.team.cvs.ui,3.3.300.I20100526-0800,"org.eclipse.team.cvs.ui",1436693481843
started,bundle,org.eclipse.team.ui,3.5.100.I20100527-0800,"org.eclipse.team.ui",1436693481843
started,bundle,org.eclipse.ui,3.6.0.I20100603-1100,"org.eclipse.ui",1436693481854
started,bundle,org.eclipse.ui.console,3.5.0.v20100526,"org.eclipse.ui.console",1436693481854
